{
    "id": "vtmtr",
    "title": "Vampire The Masquerade - Tablerules",
    "description": "Simple module to add and configure table rules and compendia for our games.",
    "authors": [
        {
            "name": "Umbratica"
        }
    ],
    "version": "0.0.2",
    "compatibility":{
        "minimum": "13",
        "verified": "13.347"
    },
    "scripts":[
        "scripts/vtmtr.js"
    ],
    "styles":[
        "styles/vtmtr.css"
    ],
    "packs":[
        {
            "name": "tablerules-items",
            "label": "TR Items",
            "path": "packs/items",
            "type": "Item",
            "system": "vtm5e",
            "flags":{}
        },
        {
            "name": "tablerules-macros-gm",
            "label": "TR Macros GM",
            "path": "packs/macros_gm",
            "type": "Macro",
            "system": "vtm5e",
            "flags":{}
        },
        {
            "name": "tablerules-macros-players",
            "label": "TR Macros Players",
            "path": "packs/macros_players",
            "type": "Macro",
            "system": "vtm5e",
            "flags":{}
        },
        {
            "name": "vtm-advantages",
            "label": "Advantages",
            "path": "packs/vtm_advantages",
            "type": "Item",
            "system": "vtm5e",
            "flags":{}
        },
        {
            "name": "vtm-backgrounds",
            "label": "Backgrounds",
            "path": "packs/vtm_backgrounds",
            "type": "Item",
            "system": "vtm5e",
            "flags":{}
        },
        {
            "name": "vtm-boons",
            "label": "Boons",
            "path": "packs/vtm_boons",
            "type": "Item",
            "system": "vtm5e",
            "flags":{}
        },
        {
            "name": "vtm-clans",
            "label": "Clans",
            "path": "packs/vtm_clans",
            "type": "Item",
            "system": "vtm5e",
            "flags":{}
        },
        {
            "name": "vtm-disciplines",
            "label": "Disciplines",
            "path": "packs/vtm_disciplines",
            "type": "Item",
            "system": "vtm5e",
            "flags":{}
        },
        {
            "name": "vtm-equipment",
            "label": "Equipment",
            "path": "packs/vtm_equipment",
            "type": "Item",
            "system": "vtm5e",
            "flags":{}
        },
        {
            "name": "vtm-flaws",
            "label": "Flaws",
            "path": "packs/vtm_flaws",
            "type": "Item",
            "system": "vtm5e",
            "flags":{}
        },
        {
            "name": "vtm-merits",
            "label": "Merits",
            "path": "packs/vtm_merits",
            "type": "Item",
            "system": "vtm5e",
            "flags":{}
        },
        {
            "name": "vtm-predatortypes",
            "label": "Predator Types",
            "path": "packs/vtm_predatortypes",
            "type": "Item",
            "system": "vtm5e",
            "flags":{}
        }
    ],
    "packFolders": [
        {
            "name": "VtM",
            "sorting": "a",
            "color": "#ff0000",
            "packs": [
                "vtm-advantages",
                "vtm-backgrounds",
                "vtm-boons",
                "vtm-clans",
                "vtm-disciplines",
                "vtm-equipment",
                "vtm-flaws",
                "vtm-merits",
                "vtm-predatortypes"
            ],
            "folders":[]
        },
        {
          "name": "Tablerules",
          "sorting": "a",
          "color": "#ff0000",
          "packs": [
            "tablerules-items",
            "tablerules-macros-gm",
            "tablerules-macros-players"
            ],
          "folders": [
          ]
        }
        ],
    "url": "https://github.com/itteerde/vtmtr/",
    "manifest": "https://raw.githubusercontent.com/itteerde/vtmtr/main/vtmtr/module.json",
    "download": "https://github.com/itteerde/vtmtr/releases/download/0.0.2/vtmtr.zip",
    "relationships":{
        "systems": [
            {
                "id": "vtm5e",
                "type": "system",
                "compatibility": {
                    "minimum": "5.2.2",
                    "verified": "5.2.2"
                },
                "manifest": "https://github.com/WoD5E-Developers/wod5e/releases/download/5.2.2/system.json"
            }

        ],
        "requires": [
        ]
    }
}